Name,RA,Dec,Class,Gmag
TYC 2917-929-1,81.08166952,42.60381641,Hot,8.792342
TYC 4823-1194-1,107.94077648,-4.13713659,Hot,8.107479
