Name,RA,Dec,Class,Gmag
TYC 3740-1791-1,67.04064215,56.98449308,EM,10.764656
TYC 2917-929-1,81.08166952,42.60381641,Hot,8.792342
TYC 4823-1194-1,107.94077648,-4.13713659,Hot,8.107479
WISE J185608.58-163255.1,284.03575762,-16.54867009,Cool,12.038886
TYC 2670-214-1,299.60864283,31.81163798,EM,11.336642
