Name,RA,Dec,Class,Gmag
WISE J110247.58-610632.9,165.69821683,-61.10915057,EM,11.111307
CPD-60  2585,167.55598776,-60.77541515,EM,9.750662
