Name,RA,Dec,Class,Gmag
TYC 3740-1791-1,67.04064215,56.98449308,EM,10.764656
