,Name,RA,Dec,Class,Gmag
1258,TYC 2917-929-1,81.0816695200,42.6038164100,Hot,8.7923420000
2208,TYC 4823-1194-1,107.9407764800,-4.1371365900,Hot,8.1074790000
